UUID,DISTINCT_ID,PATH,EVENT,CUSTOMER_ID,HASH_EMAIL,SESSION_ID,TS
0195af83-2e4f-7e6f-96cb-7c07180b5f3c,0195af82-fd75-767f-9041-08bf5fb75ded,/,$pageview,,,0195af82-fd74-7977-bfea-134461b0493d,2025-03-19 17:46:05.232
0195af69-4f44-7fcd-a87f-e58bd0e7bf3d,311901962188642144,/api-history,$pageview,,,0195af5e-c3e3-7355-bf2f-8c2dc0d1027f,2025-03-19 17:17:49.788
0195b04f-8fda-7f56-bf56-75d2eba2ce83,311900533357059048,/usage,$pageview,,,0195b04f-371c-7985-961c-70eedffe4f87,2025-03-19 21:29:19.213
0195df22-f0b5-7cea-90e5-90c095713f6c,311863905204852576,/prompt,$pageview,,,0195df1f-86c3-74b6-a6f0-c4d2c861826c,2025-03-28 23:42:44.199
0195b04f-6063-7be8-8646-d4c47de8bad3,311900533357059048,/payments,$pageview,,,0195b04f-371c-7985-961c-70eedffe4f87,2025-03-19 21:29:07.065
0195afe2-fb8b-7f9a-9d2c-dfec627ef001,0195afe2-fb80-75cb-bb95-2c018d9eb018,/,$pageview,,,0195afe2-fb7d-7cc5-92f6-fe12ae750162,2025-03-19 19:30:43.423
0195f221-9a8b-76e2-941a-dd5375ff4cd3,313780972766124369,/,$identify,ac4031c6db901f1d1c334e76ade82469,ac4031c6db901f1d1c334e76ade82469,0195f221-348b-7f5a-a165-9cb856acceef,2025-04-01 16:14:03.625
0195af6c-146d-7d1c-930b-ec794ffd55c9,311901962188642144,/prompts,$pageview,,,0195af5e-c3e3-7355-bf2f-8c2dc0d1027f,2025-03-19 17:20:51.089
0195de74-cbcd-7c6e-be9f-0792bc2394ee,311863905204852576,/,$pageview,,,0195de74-cb9b-7ef5-9c2e-e36e0064f347,2025-03-28 20:32:31.654
0195dd1e-ca36-7cea-8615-08fbb5e6bddf,311863905204852576,/payments,$pageview,,,0195dd1b-c23a-715b-9f55-78dc6cc78e1d,2025-03-28 14:19:04.011
0195ae06-54a6-79c8-9bcf-c8edaf7c35e4,311863905204852576,/prompt,$pageview,,,0195ae05-631d-7726-ab52-93b28388b33e,2025-03-19 10:50:06.182
0197f1e6-6334-75b8-8567-57323b573bd2,311900771006288496,/prompt,$identify,777e8ffbcca603ef947ec42c6bab21f3,777e8ffbcca603ef947ec42c6bab21f3,0197f1e6-5233-7300-b7ed-9afaa15e994b,2025-07-10 01:14:58.438
0195ac4d-3d06-7027-a061-418172f82b3a,311815466781792096,/onboarding,$pageview,,,0195ac4c-2e2f-73de-8295-6228c68c9b21,2025-03-19 02:48:49.437
0195da18-36a0-7556-93cc-73082ac59a11,311863905204852576,/payments,$pageview,,,0195da10-cad3-7e02-8463-5cb3402a3c88,2025-03-28 00:13:02.000
0195af83-4b43-79f3-a209-89060bd5642a,0195af82-fd75-767f-9041-08bf5fb75ded,/product/arcee-conductor,$pageview,,,0195af82-fd74-7977-bfea-134461b0493d,2025-03-19 17:46:13.273
0195af61-9a16-73af-afff-1e6f56d3804b,311901962188642144,/usage,$pageview,,,0195af5e-c3e3-7355-bf2f-8c2dc0d1027f,2025-03-19 17:09:24.873
0195afa8-d426-7602-a0e6-70c7eed99695,311900533357059048,/,$pageview,,,0195af7d-0fcc-7322-bf34-183a21779de0,2025-03-19 18:27:12.280
0195af60-6305-74a9-ad5a-b417f26e8f21,311901962188642144,/,$identify,d6157f0083c5000a579ef83b29f7db42,d6157f0083c5000a579ef83b29f7db42,0195af5e-c3e3-7355-bf2f-8c2dc0d1027f,2025-03-19 17:08:05.045
0195af53-ecba-7159-a953-dc599084a098,311900533357059048,/api-history,$pageview,,,0195af52-ad7f-7649-b147-d00f3b4455f3,2025-03-19 16:54:27.848
0195a653-fc0d-7597-ac4e-c1adbc46aa97,311647303712659296,/,$identify,38d39931f29cde2abadc14c98c9bd1e6,38d39931f29cde2abadc14c98c9bd1e6,0195a653-abd1-72d3-9503-5b95634d4772,2025-03-17 22:57:57.223
0195df26-4411-7349-9f50-9a372904b0e3,311863905204852576,/prompt/f7306571-7a0e-437c-9a24-88f7da887562,$pageview,,,0195df1f-86c3-74b6-a6f0-c4d2c861826c,2025-03-28 23:46:22.149
0195df25-db7a-72ba-aabf-e468b6d8bbcd,311863905204852576,/prompt/5965cf6a-d4fe-487e-b9e6-818dd0d57d6c,$pageview,,,0195df1f-86c3-74b6-a6f0-c4d2c861826c,2025-03-28 23:45:55.663
0195af63-2f8f-7aa6-8e61-da2f4dfef77f,311901962188642144,/api-tokens,$pageview,,,0195af5e-c3e3-7355-bf2f-8c2dc0d1027f,2025-03-19 17:11:08.635
019667f8-83ed-7571-a5d3-17ecaefe12ef,317097758861300535,/,$identify,7b8522aa3eab6a646366be70e92023bb,7b8522aa3eab6a646366be70e92023bb,019667f7-30c5-7ea2-8706-f722ab682545,2025-04-24 13:24:22.612
0195af6f-3244-77c0-9ce6-5eedd4f3cf7c,311901962188642144,/payments,$pageview,,,0195af5e-c3e3-7355-bf2f-8c2dc0d1027f,2025-03-19 17:24:15.692
0195af61-0dc8-77f1-b64f-3d5aa1f30b06,311901962188642144,/prompt,$pageview,,,0195af5e-c3e3-7355-bf2f-8c2dc0d1027f,2025-03-19 17:08:48.463
0195dc77-baff-7f04-b1ec-84c380357706,311863905204852576,/prompt/f195798f-0e14-4fe0-ab01-aaef039d177f,$pageview,,,0195dc77-baed-7eb9-8d93-a6be8d3693b3,2025-03-28 11:16:39.034
0195debc-f68a-7131-bc04-688899505661,311863905204852576,/prompt/f195798f-0e14-4fe0-ab01-aaef039d177f,$pageview,,,0195de74-e674-7450-a1ba-4d33603d3a12,2025-03-28 21:51:21.228
0195aece-00fa-7f27-b1fe-ab2434bb8349,311885677568481120,/prompt,$pageview,,,0195aecb-94ec-7082-88f4-d4d1dad423f0,2025-03-19 14:28:12.060
0197f1e6-0fde-70eb-988b-0a65baca592f,311900771006288496,/prompt,$identify,777e8ffbcca603ef947ec42c6bab21f3,777e8ffbcca603ef947ec42c6bab21f3,0197f1e5-f842-73b9-b870-34cd03a4156e,2025-07-10 01:14:37.111
0195afab-ffaf-7fc0-a1a2-5701536a5379,311900533357059048,/usage,$pageview,,,0195af7d-0fcc-7322-bf34-183a21779de0,2025-03-19 18:30:40.265
019572a9-f000-7850-a2fd-0b783bae428d,310192885146360808,/,$identify,1e504d9420e465686b7707709835fdbe,1e504d9420e465686b7707709835fdbe,019572a2-89e8-778f-a5cc-a4dc9131bfbf,2025-03-07 22:11:34.599
0195df1f-86c9-70ab-9ed9-4db0d67a7e43,311863905204852576,/,$pageview,,,0195df1f-86c3-74b6-a6f0-c4d2c861826c,2025-03-28 23:39:00.477
0195debd-ef55-7ced-853d-37d9c8022366,311863905204852576,/prompt,$pageview,,,0195de74-e674-7450-a1ba-4d33603d3a12,2025-03-28 21:52:32.611
0195af69-6377-7772-bdaa-da41e96c8e74,311901962188642144,/usage,$pageview,,,0195af5e-c3e3-7355-bf2f-8c2dc0d1027f,2025-03-19 17:17:55.048
0197f1e9-44de-7389-b17d-2411033f620d,315438421264831287,/prompt,$identify,1e9b81f5253eed47efcf6c60301bd936,1e9b81f5253eed47efcf6c60301bd936,0197f1e6-a366-7aea-9658-29ad48afbf7d,2025-07-10 01:18:07.284
0197993b-7c19-7bf8-94f7-271dd459a7a3,325623063842394955,/prompt,$identify,6b2924aaff2ae63ba5ec9cc36f102a66,6b2924aaff2ae63ba5ec9cc36f102a66,01979938-4961-7a46-9723-10faffb9c41b,2025-06-22 20:01:40.431
0195ac4d-3788-7772-beea-902e2e45eef6,311815466781792096,/,$pageview,,,0195ac4c-2e2f-73de-8295-6228c68c9b21,2025-03-19 02:48:48.035
0195ac4d-377f-7f55-9356-a7b2f1c54e07,311815466781792096,/,$identify,9437028a3ecd1b57fc53c54c109e2d62,9437028a3ecd1b57fc53c54c109e2d62,0195ac4c-2e2f-73de-8295-6228c68c9b21,2025-03-19 02:48:48.183
0195af6a-699d-7b2c-ab5c-cfe4c33d0a7b,311901962188642144,/usage,$pageview,,,0195af5e-c3e3-7355-bf2f-8c2dc0d1027f,2025-03-19 17:19:02.055
0195afaf-1f06-7b23-9075-2b715886791f,311900533357059048,/payments,$pageview,,,0195af7d-0fcc-7322-bf34-183a21779de0,2025-03-19 18:34:04.700
0195fbf0-1259-72bd-a88f-b862adddfb9e,311901962188642144,/,$pageview,,,0195fbf0-1255-7fff-997c-bfc3dac05688,2025-04-03 13:56:09.731
0195b3df-2672-7c7f-a18d-fb6236cfe385,311901962188642144,/,$pageview,,,0195b3df-266f-7cba-bc22-68f915fa0989,2025-03-20 14:05:01.141
0195ac61-bdc1-71d6-b63f-937fd82e8ca2,0195ac61-530a-77ae-a656-84827aa7c80d,/,$pageview,,,0195ac61-5308-7eab-a327-007adf9071cd,2025-03-19 03:10:41.629
0195af6a-9a8b-7935-b64a-1999008f45db,311901962188642144,/prompts,$pageview,,,0195af5e-c3e3-7355-bf2f-8c2dc0d1027f,2025-03-19 17:19:14.632
0195ac4d-a4b9-7210-a3fd-001d6dd98207,311815466781792096,/,$pageview,,,0195ac4c-2e2f-73de-8295-6228c68c9b21,2025-03-19 02:49:15.804
0195ae05-ea91-762c-8d87-19b66f1e67b0,311863905204852576,/,$pageview,,,0195ae05-631d-7726-ab52-93b28388b33e,2025-03-19 10:49:39.316
0195ac61-8e2b-7741-862d-543f0ae69e86,0195ac61-530a-77ae-a656-84827aa7c80d,/blog,$pageview,,,0195ac61-5308-7eab-a327-007adf9071cd,2025-03-19 03:10:29.452
0195af6b-18e1-739a-b765-a4de9e652834,311901962188642144,/api-history,$pageview,,,0195af5e-c3e3-7355-bf2f-8c2dc0d1027f,2025-03-19 17:19:47.026
0195ae05-ee72-7674-943e-34c0de91cd67,311863905204852576,/onboarding,$pageview,,,0195ae05-631d-7726-ab52-93b28388b33e,2025-03-19 10:49:40.306
0195af8b-641b-74d9-9e26-df91752ab537,311900533357059048,/api-history,$pageview,,,0195af7d-0fcc-7322-bf34-183a21779de0,2025-03-19 17:55:03.006
0195afaa-b201-7cc8-a83f-607cee30a437,311900533357059048,/api-tokens,$pageview,,,0195af7d-0fcc-7322-bf34-183a21779de0,2025-03-19 18:29:14.640
0196edcb-3965-74cd-bdad-358815928348,311901962188642144,/prompts,$pageview,,,0196edc7-24b9-7b72-87e8-ca2bc8d40197,2025-05-20 13:04:01.355
0195af61-a54a-7a35-88ce-1dbd4ef3db17,311901962188642144,/,$pageview,,,0195af5e-c3e3-7355-bf2f-8c2dc0d1027f,2025-03-19 17:09:27.477
0195d376-c189-7cee-8167-276bffe58e92,311863905204852576,/,$pageview,,,0195d376-c182-7b39-bb03-f5fee07a3997,2025-03-26 17:18:54.548
0195adfc-965c-7f80-83e0-7fe530737ba3,311862849347540832,/prompts,$pageview,,,0195adfa-dd5f-7b2a-b5a4-06a9cc769f65,2025-03-19 10:39:27.066
0195ad72-a8e1-7528-99d5-8a4c9e1c0994,0195a9f5-97ba-779a-9f39-cab4bfb4e83a,/,$pageview,,,0195ad72-a894-7c43-8227-83338ea8c100,2025-03-19 08:08:48.687
0195af6f-6c0e-78b3-844d-80025151945a,311901962188642144,/payments,$pageview,,,0195af5e-c3e3-7355-bf2f-8c2dc0d1027f,2025-03-19 17:24:30.371
0195af61-9056-7240-9c07-6517563e7bee,311901962188642144,/payments,$pageview,,,0195af5e-c3e3-7355-bf2f-8c2dc0d1027f,2025-03-19 17:09:22.215
019612ac-94d1-76ac-9246-52971b9b6204,311863905204852576,/prompt,$pageview,,,019612ac-6923-794d-9c4c-ff439df68e96,2025-04-07 23:53:43.136
0195ddd2-bbe9-7fa0-9a8b-5746eaaa1666,311863905204852576,/prompt/f195798f-0e14-4fe0-ab01-aaef039d177f,$pageview,,,0195ddd2-1359-73be-b558-c98c3b4be637,2025-03-28 17:35:30.467
0195dec0-1fcd-77fd-9ed0-c02b20df4b5e,311863905204852576,/payments,$pageview,,,0195de74-e674-7450-a1ba-4d33603d3a12,2025-03-28 21:54:48.593
0195da18-a6ef-7dae-a29c-43f61335480b,311863905204852576,/prompt/f195798f-0e14-4fe0-ab01-aaef039d177f,$pageview,,,0195da10-cad3-7e02-8463-5cb3402a3c88,2025-03-28 00:13:24.740
0195de9d-7261-7004-8d16-767c0a13c651,311863905204852576,/prompt,$pageview,,,0195de74-e674-7450-a1ba-4d33603d3a12,2025-03-28 21:16:55.816
0195aba9-a66e-7b39-8e35-1d51beda3c9d,0195a9f5-97ba-779a-9f39-cab4bfb4e83a,/,$pageview,,,0195aba9-a2ea-7094-b9b2-470f031731c6,2025-03-18 23:49:37.497
0195dd1e-e07d-7fae-b936-34f2dffa8c77,311863905204852576,/prompts,$pageview,,,0195dd1b-c23a-715b-9f55-78dc6cc78e1d,2025-03-28 14:19:04.242
0195af6a-a106-7cf0-8476-756260b95e42,311901962188642144,/,$pageview,,,0195af5e-c3e3-7355-bf2f-8c2dc0d1027f,2025-03-19 17:19:16.291
0195ae94-5a5f-76c0-97ae-4bd18b506780,311879568044611424,/,$pageview,,,0195ae94-0361-77c2-8202-88b7705234fd,2025-03-19 13:25:13.614
0195af6f-1dc9-70ef-9245-d071ba192870,311901962188642144,/api-history,$pageview,,,0195af5e-c3e3-7355-bf2f-8c2dc0d1027f,2025-03-19 17:24:10.096
0195e289-65f0-741e-af73-3d6c24c4d053,311863905204852576,/prompt,$pageview,,,0195e289-4e11-7c29-ac57-6b7f77121045,2025-03-29 15:33:30.816
0195df25-39c5-7391-9d0f-c228cb57faa2,311863905204852576,/prompt/5965cf6a-d4fe-487e-b9e6-818dd0d57d6c,$pageview,,,0195df1f-86c3-74b6-a6f0-c4d2c861826c,2025-03-28 23:45:13.975
0195af56-47fd-76f6-aebf-6ed362f92e97,311900771006288496,/,$identify,777e8ffbcca603ef947ec42c6bab21f3,777e8ffbcca603ef947ec42c6bab21f3,0195af53-7315-751f-a287-89b22c19c660,2025-03-19 16:57:03.034
0195af53-9e28-7440-849c-0c18ff7bad01,311900533357059048,/,$identify,3adb55891708d8b512436feba1089aec,3adb55891708d8b512436feba1089aec,0195af52-ad7f-7649-b147-d00f3b4455f3,2025-03-19 16:54:07.900
0195b4b9-b436-752a-9601-888582779d7b,311901962188642144,/prompt,$pageview,,,0195b4b5-5ac9-7e25-be9b-9f6dea6cf4a7,2025-03-20 18:03:44.329
0195af79-472e-71e6-86cc-d11bdfe2724b,311901962188642144,/usage,$pageview,,,0195af5e-c3e3-7355-bf2f-8c2dc0d1027f,2025-03-19 17:35:16.403
0195afaf-6d9d-7ab8-a197-4c2414d28dda,311900533357059048,/api-tokens,$pageview,,,0195af7d-0fcc-7322-bf34-183a21779de0,2025-03-19 18:34:24.824
0195ae94-5dbe-722d-a328-3d391469560f,311879568044611424,/onboarding,$pageview,,,0195ae94-0361-77c2-8202-88b7705234fd,2025-03-19 13:25:14.474
0195afaa-5de9-7a36-94e4-4984681f1770,311909884524237424,/onboarding,$pageview,,,0195afa7-5d29-779e-9d4e-ea514ed9bd23,2025-03-19 18:28:28.600
0195aecd-9b26-70a9-aea6-86fe15f9d892,311885677568481120,/prompt,$pageview,,,0195aecb-94ec-7082-88f4-d4d1dad423f0,2025-03-19 14:27:45.996
0195afaf-7d29-7b7d-96d2-5fece1886b28,311900533357059048,/payments,$pageview,,,0195af7d-0fcc-7322-bf34-183a21779de0,2025-03-19 18:34:28.803
0195ae06-1d93-71d6-9d92-241cac093d3c,311863905204852576,/payments,$pageview,,,0195ae05-631d-7726-ab52-93b28388b33e,2025-03-19 10:49:52.374
0195af79-5973-787f-870a-d4496acb65c0,311901962188642144,/payments,$pageview,,,0195af5e-c3e3-7355-bf2f-8c2dc0d1027f,2025-03-19 17:35:20.745
0195afaa-5982-70ad-a292-1b2aa59a853f,311909884524237424,/,$identify,f52c0621344f58af0714399570026c40,f52c0621344f58af0714399570026c40,0195afa7-5d29-779e-9d4e-ea514ed9bd23,2025-03-19 18:28:27.778
0195b3d0-f4e3-7d4f-ba51-82c3f133217a,312026930251585376,/,$identify,76bb406ad24610d3bac16af46a1a0ec2,76bb406ad24610d3bac16af46a1a0ec2,0195b3d0-0804-7152-ac67-dec5f69083c5,2025-03-20 13:49:29.537
0195aecc-bb05-7515-a344-778249fc3586,311885677568481120,/,$identify,e0d11f012188c79a672b9401e5256dc1,e0d11f012188c79a672b9401e5256dc1,0195aecb-94ec-7082-88f4-d4d1dad423f0,2025-03-19 14:26:48.621
0195af54-0def-7524-bd57-890b141a9e87,311900533357059048,/prompt,$pageview,,,0195af52-ad7f-7649-b147-d00f3b4455f3,2025-03-19 16:54:36.350
0195ae94-70ac-7dcb-8836-00a56a1542f5,311879568044611424,/prompt,$pageview,,,0195ae94-0361-77c2-8202-88b7705234fd,2025-03-19 13:25:19.322
0195afaf-1b52-7a95-803a-d608f7f9ff61,311900533357059048,/payments,$pageview,,,0195af7d-0fcc-7322-bf34-183a21779de0,2025-03-19 18:34:03.757
0195aecf-4162-7f5a-951a-a9ac3698181e,311885677568481120,/payments,$pageview,,,0195aecb-94ec-7082-88f4-d4d1dad423f0,2025-03-19 14:29:34.088
0195ae5f-547e-75d3-83be-b2e2a2382b51,311873703350654816,/,$identify,75edc4b420da27ea8a7dfe1da13c0be7,75edc4b420da27ea8a7dfe1da13c0be7,0195ae58-e59f-7692-a0bc-e35991884069,2025-03-19 12:27:17.748
0195ac4d-a00a-75cc-8f74-56a5b4e81e16,311815466781792096,/prompts,$pageview,,,0195ac4c-2e2f-73de-8295-6228c68c9b21,2025-03-19 02:49:14.614
0195afaa-78fb-7884-8242-429fcf7763e7,311900533357059048,/,$pageview,,,0195af7d-0fcc-7322-bf34-183a21779de0,2025-03-19 18:29:00.035
0195af6b-f7cf-7db2-a2e1-99ede10cd833,311901962188642144,/usage,$pageview,,,0195af5e-c3e3-7355-bf2f-8c2dc0d1027f,2025-03-19 17:20:44.093
0195ae07-615f-72e5-82e5-2c69048d42dc,311863905204852576,/,$pageview,,,0195ae05-631d-7726-ab52-93b28388b33e,2025-03-19 10:51:15.147
0195b04f-3729-70a4-b2b9-6812e2cc45bd,311900533357059048,/api-history,$pageview,,,0195b04f-371c-7985-961c-70eedffe4f87,2025-03-19 21:28:56.526
0195afaa-9a5b-70d4-b18e-4986ca948ae2,311900533357059048,/api-history,$pageview,,,0195af7d-0fcc-7322-bf34-183a21779de0,2025-03-19 18:29:08.577
0195afd2-28d5-7bc3-81d9-51c88f05a1d2,311909884524237424,/,$pageview,,,0195afd2-28a1-762e-bb4d-63d20829765f,2025-03-19 19:11:56.499
019884cf-17a3-72de-8493-205e81241b94,310192885146360808,/prompt,$identify,1e504d9420e465686b7707709835fdbe,1e504d9420e465686b7707709835fdbe,019884c9-3bb6-7142-bc6c-b80b073a72f9,2025-08-07 13:53:41.390
0195af53-ce03-75ee-96b7-b0fdf74526bd,311900533357059048,/prompt,$pageview,,,0195af52-ad7f-7649-b147-d00f3b4455f3,2025-03-19 16:54:19.984
0195af94-6f68-7d0d-9408-8161dee79ab6,311900533357059048,/api-tokens,$pageview,,,0195af7d-0fcc-7322-bf34-183a21779de0,2025-03-19 18:04:55.745
0196edc7-5143-7846-acc6-eb5fae814294,311901962188642144,/prompt,$pageview,,,0196edc7-24b9-7b72-87e8-ca2bc8d40197,2025-05-20 12:59:45.363
0196eabd-2b2f-711a-8dee-4a74cf9e8f62,311901962188642144,/,$pageview,,,0196eabd-2b2b-7958-9fc5-09373993fcbc,2025-05-19 22:49:48.492
0195af6c-1832-77da-a39c-ef1b76b91d89,311901962188642144,/api-history,$pageview,,,0195af5e-c3e3-7355-bf2f-8c2dc0d1027f,2025-03-19 17:20:52.054
0195afa7-9306-7862-9790-5122b633c548,311900533357059048,/api-history,$pageview,,,0195af7d-0fcc-7322-bf34-183a21779de0,2025-03-19 18:25:50.078
0195af93-6469-7652-8a40-d8b6fed39f6e,311900533357059048,/api-tokens,$pageview,,,0195af7d-0fcc-7322-bf34-183a21779de0,2025-03-19 18:03:47.380
0195de74-edd3-7210-8801-eafc89188df5,311863905204852576,/prompt,$pageview,,,0195de74-e674-7450-a1ba-4d33603d3a12,2025-03-28 20:32:40.133
0195adfc-5388-76d6-a97a-f774b3dc6117,311862849347540832,/,$pageview,,,0195adfa-dd5f-7b2a-b5a4-06a9cc769f65,2025-03-19 10:39:09.962
0196132b-13c3-7900-ad85-7b19b2c317e7,311863905204852576,/prompt,$pageview,,,019612ac-6923-794d-9c4c-ff439df68e96,2025-04-08 02:11:53.212
0195df26-1031-73a2-ba89-12026ba38221,311863905204852576,/prompt/5965cf6a-d4fe-487e-b9e6-818dd0d57d6c,$pageview,,,0195df1f-86c3-74b6-a6f0-c4d2c861826c,2025-03-28 23:46:08.866
0195af69-ffa1-783a-986f-6e7aac42d5d1,311901962188642144,/api-tokens,$pageview,,,0195af5e-c3e3-7355-bf2f-8c2dc0d1027f,2025-03-19 17:18:34.663
0195af02-ee5d-7548-92fe-d9fdef35f0f1,311891715336215528,/onboarding,$pageview,,,0195af00-864f-7fad-acdb-a08defb360cf,2025-03-19 15:25:59.827
0195af63-0a77-78eb-8c6c-5563b4f47e01,311901962188642144,/api-tokens,$pageview,,,0195af5e-c3e3-7355-bf2f-8c2dc0d1027f,2025-03-19 17:10:59.204
0195b04f-4672-7990-8a50-0986f3682f1a,311900533357059048,/api-history,$pageview,,,0195b04f-371c-7985-961c-70eedffe4f87,2025-03-19 21:29:00.422
0196eac2-bae8-76f9-96ea-462e43b022e7,311901962188642144,/api-tokens,$pageview,,,0196eabd-2b2b-7958-9fc5-09373993fcbc,2025-05-19 22:55:52.971
0195af60-6637-78f8-bc0c-309390b8c19d,311901962188642144,/onboarding,$pageview,,,0195af5e-c3e3-7355-bf2f-8c2dc0d1027f,2025-03-19 17:08:05.543
0195d377-9ff7-7008-9192-d5c120757888,311863905204852576,/api-history,$pageview,,,0195d376-c182-7b39-bb03-f5fee07a3997,2025-03-26 17:19:48.027
0195af02-ea18-7a64-bf9d-c3888675f321,311891715336215528,/,$pageview,,,0195af00-864f-7fad-acdb-a08defb360cf,2025-03-19 15:25:58.739
01937b9f-3ab2-7530-9025-dfca6f43b5d9,d10ee826-a058-4892-9758-c9a0c8d010f6,/cwc-data-science/invite/new,$identify,f79932aa15723bd7b8622853861fc2b0,f79932aa15723bd7b8622853861fc2b0,01937adf-e307-7714-bfcc-9caf579713b2,2024-11-30 05:50:53.139
0196ad19-e2dd-7fc3-8b5b-ca0487d8c7a4,312078192196229356,/prompt,$identify,31d7157a35f48f9f64ffbc0d51c5a11b,31d7157a35f48f9f64ffbc0d51c5a11b,0196ad19-3eaa-783f-9255-4297fb5fcdf6,2025-05-07 23:34:37.479
01938d6a-0ee0-7729-ad34-f5bf1a85de60,296534439834441525,/models/virtuoso-large,$identify,f79932aa15723bd7b8622853861fc2b0,f79932aa15723bd7b8622853861fc2b0,01938a57-824e-72e7-9411-42de6dac6e4d,2024-12-03 16:45:58.411
0195af6a-f699-7575-a038-97e9fb9cb57f,311901962188642144,/api-tokens,$pageview,,,0195af5e-c3e3-7355-bf2f-8c2dc0d1027f,2025-03-19 17:19:38.280
0195af7d-1856-7d6b-af06-197ca98d273f,311900533357059048,/prompt,$pageview,,,0195af7d-0fcc-7322-bf34-183a21779de0,2025-03-19 17:39:26.006
01978528-347e-7eaf-9391-41ab258d699c,312078192196229356,/,$identify,31d7157a35f48f9f64ffbc0d51c5a11b,31d7157a35f48f9f64ffbc0d51c5a11b,01978527-26f9-7ee8-846e-f149a1ca81ff,2025-06-18 22:28:14.137
0195afa8-afd3-7a4a-94af-8b7d73ee66c6,311900533357059048,/api-history,$pageview,,,0195af7d-0fcc-7322-bf34-183a21779de0,2025-03-19 18:27:03.207
0196654e-cb62-7b10-8551-962278b81be2,317022887145902903,/,$identify,d922ae72db206ae31260ef9b4f003872,d922ae72db206ae31260ef9b4f003872,0196654e-3b93-7f74-81af-1b7061fb27b1,2025-04-24 00:59:45.055
0195ae06-46c8-7c7b-af7c-526afc33578d,311863905204852576,/,$pageview,,,0195ae05-631d-7726-ab52-93b28388b33e,2025-03-19 10:50:02.923
0195af6a-a859-7b79-a12b-2138c60f3302,311901962188642144,/prompt,$pageview,,,0195af5e-c3e3-7355-bf2f-8c2dc0d1027f,2025-03-19 17:19:18.244
0195dec1-351f-707f-9f72-633a6587b1d0,311863905204852576,/prompt,$pageview,,,0195de74-e674-7450-a1ba-4d33603d3a12,2025-03-28 21:56:07.183
0195af61-879a-7f8b-89ad-ce09febbd0b7,311901962188642144,/usage,$pageview,,,0195af5e-c3e3-7355-bf2f-8c2dc0d1027f,2025-03-19 17:09:19.979
0195af8b-701a-7f5c-9ce8-45c5b31f6712,311900533357059048,/api-history,$pageview,,,0195af7d-0fcc-7322-bf34-183a21779de0,2025-03-19 17:55:06.075
0195adfc-a448-730c-8127-0f96c4c02dd0,311862849347540832,/,$pageview,,,0195adfa-dd5f-7b2a-b5a4-06a9cc769f65,2025-03-19 10:39:30.629
0195afa7-5658-7a22-bb98-a5549c0778ac,311900533357059048,/,$pageview,,,0195af7d-0fcc-7322-bf34-183a21779de0,2025-03-19 18:25:34.547
0195df1f-ab80-7cfc-a6be-1708f102e6cf,311863905204852576,/prompt,$pageview,,,0195df1f-86c3-74b6-a6f0-c4d2c861826c,2025-03-28 23:39:10.162
0196edcb-4b80-77ba-93d3-33b613197ad0,311901962188642144,/prompt,$pageview,,,0196edc7-24b9-7b72-87e8-ca2bc8d40197,2025-05-20 13:04:06.034
0195ae5f-58b4-7aba-b0d3-4c4f6bcf6ce5,311873703350654816,/onboarding,$pageview,,,0195ae58-e59f-7692-a0bc-e35991884069,2025-03-19 12:27:18.827
0195ac4d-cbde-7f61-8770-1dce1ffe6a12,311815466781792096,/payments,$pageview,,,0195ac4c-2e2f-73de-8295-6228c68c9b21,2025-03-19 02:49:25.831
0195df28-5ab9-750a-92c1-e18931b3f7d5,311863905204852576,/prompt,$pageview,,,0195df1f-86c3-74b6-a6f0-c4d2c861826c,2025-03-28 23:48:39.008
0195af69-e797-7d66-8542-2b81603b435c,311901962188642144,/usage,$pageview,,,0195af5e-c3e3-7355-bf2f-8c2dc0d1027f,2025-03-19 17:18:28.770
0195a9fa-01e4-79c7-bc21-a5828c4b4cf9,0195a9f5-97ba-779a-9f39-cab4bfb4e83a,/,$pageview,,,0195a9f5-97b9-7859-acf2-7c05b2321a62,2025-03-18 15:58:09.275
0195aed0-3128-70c2-9acb-40e117a672e5,311885677568481120,/comparisons,$pageview,,,0195aecb-94ec-7082-88f4-d4d1dad423f0,2025-03-19 14:30:35.850
0195af60-8475-77be-85d8-fda5eb6a17e6,311901962188642144,/prompt,$pageview,,,0195af5e-c3e3-7355-bf2f-8c2dc0d1027f,2025-03-19 17:08:13.547
0195afa7-89bb-71b0-b0e9-320e7c4cc953,311900533357059048,/prompt,$pageview,,,0195af7d-0fcc-7322-bf34-183a21779de0,2025-03-19 18:25:47.692
0195ae0a-df57-7914-ae4b-9779fc0917a6,311863905204852576,/product/arcee-conductor,$pageview,,,0195ae05-631d-7726-ab52-93b28388b33e,2025-03-19 10:55:04.066
0195afaf-4405-76e5-952c-ea5acb4ff0ef,311900533357059048,/payments,$pageview,,,0195af7d-0fcc-7322-bf34-183a21779de0,2025-03-19 18:34:14.168
0195afaf-532f-7c68-941d-5a8dda7cddef,311900533357059048,/usage,$pageview,,,0195af7d-0fcc-7322-bf34-183a21779de0,2025-03-19 18:34:18.051
0195af83-5d5a-7298-a48f-a57221cd34e3,0195af82-fd75-767f-9041-08bf5fb75ded,/,$pageview,,,0195af82-fd74-7977-bfea-134461b0493d,2025-03-19 17:46:16.907
0195af6a-ddb5-708f-b6c9-cbaa768dc38a,311901962188642144,/usage,$pageview,,,0195af5e-c3e3-7355-bf2f-8c2dc0d1027f,2025-03-19 17:19:31.800
0195af6b-e76c-7c47-8342-ad394ddde744,311901962188642144,/payments,$pageview,,,0195af5e-c3e3-7355-bf2f-8c2dc0d1027f,2025-03-19 17:20:39.953
0195b4b5-666d-7558-92c0-385f3dc9958d,311901962188642144,/prompt,$pageview,,,0195b4b5-5ac9-7e25-be9b-9f6dea6cf4a7,2025-03-20 17:59:02.283
0196eabe-2b25-7723-83d9-8bf0a6a86cd0,311901962188642144,/prompt,$pageview,,,0196eabd-2b2b-7958-9fc5-09373993fcbc,2025-05-19 22:50:54.019
0195aeb7-c137-76b4-9c1e-9be71e8cc384,0195aeb7-c132-7436-8095-ff8d6a6e3d53,/,$pageview,,,0195aeb7-c130-7d16-867d-466c0bc24e28,2025-03-19 14:09:18.112
0195b04f-6b35-7cd0-af3b-79f9a356ec6d,311900533357059048,/usage,$pageview,,,0195b04f-371c-7985-961c-70eedffe4f87,2025-03-19 21:29:09.838
0195ac4d-b2be-76e4-b721-96e85ef4bba3,311815466781792096,/prompts,$pageview,,,0195ac4c-2e2f-73de-8295-6228c68c9b21,2025-03-19 02:49:19.411
0195df21-5dff-768f-b969-8458ce1736fe,311863905204852576,/prompt/5965cf6a-d4fe-487e-b9e6-818dd0d57d6c,$pageview,,,0195df1f-86c3-74b6-a6f0-c4d2c861826c,2025-03-28 23:41:07.359
0195adfc-709f-7bf9-9036-acec686cf421,311862849347540832,/prompt,$pageview,,,0195adfa-dd5f-7b2a-b5a4-06a9cc769f65,2025-03-19 10:39:17.417
0195ae94-5a5c-705d-b6a9-e7d358322425,311879568044611424,/,$identify,74790c9dfdec6ea113de6420a9c3cd06,74790c9dfdec6ea113de6420a9c3cd06,0195ae94-0361-77c2-8202-88b7705234fd,2025-03-19 13:25:13.611
01937b9f-8c4b-7210-934c-86762377fcd2,d10ee826-a058-4892-9758-c9a0c8d010f6,,$identify,f79932aa15723bd7b8622853861fc2b0,f79932aa15723bd7b8622853861fc2b0,,2024-11-30 05:51:13.730
0195afaa-ea3f-7e3d-a6b1-f58c21c3df9a,311900533357059048,/api-history,$pageview,,,0195af7d-0fcc-7322-bf34-183a21779de0,2025-03-19 18:29:29.040
0195b979-22fc-797f-b716-adf7ec2f152f,310192885146360808,/prompt,$identify,1e504d9420e465686b7707709835fdbe,1e504d9420e465686b7707709835fdbe,0195b976-23c2-7910-9f1e-ca943406eadb,2025-03-21 16:11:18.900
0195ac40-1e70-7bcf-b5f3-98e4f46f809c,0195a9f5-97ba-779a-9f39-cab4bfb4e83a,/,$pageview,,,0195ac40-1e27-7dbb-b8ce-428e9a4211cf,2025-03-19 02:33:59.095
0195b5a3-8b8b-78ad-9abd-482ecb9f9c1c,312078192196229356,/,$identify,31d7157a35f48f9f64ffbc0d51c5a11b,31d7157a35f48f9f64ffbc0d51c5a11b,0195b5a1-684e-7ade-9d6c-72311e56357d,2025-03-20 22:19:12.474
0195df1f-d3ec-7b69-819f-d14ffa51347a,311863905204852576,/prompt/f7306571-7a0e-437c-9a24-88f7da887562,$pageview,,,0195df1f-86c3-74b6-a6f0-c4d2c861826c,2025-03-28 23:39:20.508
0195df21-59df-7462-ba72-27fe147a3b06,311863905204852576,/prompt/5965cf6a-d4fe-487e-b9e6-818dd0d57d6c,$pageview,,,0195df1f-86c3-74b6-a6f0-c4d2c861826c,2025-03-28 23:41:06.303
0195af02-e9fd-72ef-8d1e-146e5a0deedd,311891715336215528,/,$identify,6fa384f408586c3a48ddd1249501886d,6fa384f408586c3a48ddd1249501886d,0195af00-864f-7fad-acdb-a08defb360cf,2025-03-19 15:25:59.064
0195af88-689f-78f4-ae64-3dbceb594fd0,311901962188642144,/api-history,$pageview,,,0195af5e-c3e3-7355-bf2f-8c2dc0d1027f,2025-03-19 17:51:47.710
0195afd2-376c-735a-8af6-8bf6de1ee685,311909884524237424,/prompt,$pageview,,,0195afd2-28a1-762e-bb4d-63d20829765f,2025-03-19 19:12:00.226
0195af65-4ced-76fc-9dd4-449b962ba441,311901962188642144,/prompt/b9096039-b43a-4cb9-901f-72e3dcac912f,$pageview,,,0195af5e-c3e3-7355-bf2f-8c2dc0d1027f,2025-03-19 17:13:27.291
0195af6f-70d7-7e68-ab1f-c333ef0f7037,311901962188642144,/usage,$pageview,,,0195af5e-c3e3-7355-bf2f-8c2dc0d1027f,2025-03-19 17:24:31.629
01962d04-1cec-743f-95a1-730d9878c777,315438421264831287,/,$identify,1e9b81f5253eed47efcf6c60301bd936,1e9b81f5253eed47efcf6c60301bd936,01962d02-d763-7300-8ac0-6d94b686fbb3,2025-04-13 02:39:27.034
0195afaf-5b38-7161-a239-a7efc95f5cb2,311900533357059048,/models/blitz,$pageview,,,0195af7d-0fcc-7322-bf34-183a21779de0,2025-03-19 18:34:20.108
0195afd2-488a-7444-8717-6bf683ee6465,311909884524237424,/,$pageview,,,0195afd2-28a1-762e-bb4d-63d20829765f,2025-03-19 19:12:04.609
0195af6e-467b-74b8-b80e-228dd49b83e2,311901962188642144,/api-history,$pageview,,,0195af5e-c3e3-7355-bf2f-8c2dc0d1027f,2025-03-19 17:23:14.961
01971ccd-bf56-78b2-8d21-210bb144cafd,311900771006288496,/prompt,$identify,777e8ffbcca603ef947ec42c6bab21f3,777e8ffbcca603ef947ec42c6bab21f3,01971ccb-6934-732e-bfad-90ccaae238a6,2025-05-29 16:08:56.142
0195b04f-4529-7c24-b114-a9b5d8f11699,311900533357059048,/api-history,$pageview,,,0195b04f-371c-7985-961c-70eedffe4f87,2025-03-19 21:29:00.093
0195af6a-eacb-782a-b33f-27dc3e8e255e,311901962188642144,/payments,$pageview,,,0195af5e-c3e3-7355-bf2f-8c2dc0d1027f,2025-03-19 17:19:34.863
0195af6a-78b9-784e-98c4-9026fcd9cbae,311901962188642144,/prompt/b9096039-b43a-4cb9-901f-72e3dcac912f,$pageview,,,0195af5e-c3e3-7355-bf2f-8c2dc0d1027f,2025-03-19 17:19:05.922
0195ae5f-67c7-7e98-9c65-adf3b86219cc,311873703350654816,/prompt,$pageview,,,0195ae58-e59f-7692-a0bc-e35991884069,2025-03-19 12:27:22.687
0195aecd-f3ac-7dac-90fa-894366539168,311885677568481120,/,$pageview,,,0195aecb-94ec-7082-88f4-d4d1dad423f0,2025-03-19 14:28:08.689
019612d4-df4b-7b1a-9c50-d03ae7c6321e,311863905204852576,/prompt,$pageview,,,019612ac-6923-794d-9c4c-ff439df68e96,2025-04-08 00:37:43.645
0195af93-7fa6-7a53-9b29-df39e2a9629d,311900533357059048,/api-tokens,$pageview,,,0195af7d-0fcc-7322-bf34-183a21779de0,2025-03-19 18:03:54.354
0195b04f-4cfd-795b-b1cf-5244bc8979ff,311900533357059048,/api-history,$pageview,,,0195b04f-371c-7985-961c-70eedffe4f87,2025-03-19 21:29:02.100
0195af69-efbe-797b-a2f5-4423e622b60b,311901962188642144,/usage,$pageview,,,0195af5e-c3e3-7355-bf2f-8c2dc0d1027f,2025-03-19 17:18:30.861
0195ae0d-67c1-7d85-9bbe-fa903cf2784a,311863905204852576,/payments,$pageview,,,0195ae05-631d-7726-ab52-93b28388b33e,2025-03-19 10:57:49.836
0195ae06-0c97-7f2f-9d02-7db8b9044973,311863905204852576,/prompt,$pageview,,,0195ae05-631d-7726-ab52-93b28388b33e,2025-03-19 10:49:47.737
0195ac4e-15e4-7a95-9c24-04867db3656b,311815466781792096,/,$pageview,,,0195ac4c-2e2f-73de-8295-6228c68c9b21,2025-03-19 02:49:44.777
0195ac61-53b7-79d4-8ecc-b56741a4e697,0195ac61-530a-77ae-a656-84827aa7c80d,/,$pageview,,,0195ac61-5308-7eab-a327-007adf9071cd,2025-03-19 03:10:14.514
0195df28-3630-7be2-bced-f0377c8aaf9e,311863905204852576,/prompt/7d0b7cbf-52ef-41f0-8e7a-523076bb3d7c,$pageview,,,0195df1f-86c3-74b6-a6f0-c4d2c861826c,2025-03-28 23:48:29.650
0195afaa-81ac-71ea-8c9f-7abb153ebce1,311900533357059048,/prompt,$pageview,,,0195af7d-0fcc-7322-bf34-183a21779de0,2025-03-19 18:29:02.255
0195debc-a72e-7943-a57a-028154d80677,311863905204852576,/prompt/f195798f-0e14-4fe0-ab01-aaef039d177f,$pageview,,,0195de74-e674-7450-a1ba-4d33603d3a12,2025-03-28 21:51:00.916
0195af6a-b0ec-7332-b47f-41d6f68be6ef,311901962188642144,/api-history,$pageview,,,0195af5e-c3e3-7355-bf2f-8c2dc0d1027f,2025-03-19 17:19:20.439
0196a10e-f765-7a37-868b-6857c9e2be06,311647664372471648,/prompt,$identify,dd5329892a872042d35a7aba9c71506e,dd5329892a872042d35a7aba9c71506e,0196a10e-a321-7bb4-bf4c-f59f70e40f39,2025-05-05 15:27:14.843
0195af82-fd78-7589-9ee4-32e959e24b3f,0195af82-fd75-767f-9041-08bf5fb75ded,/,$pageview,,,0195af82-fd74-7977-bfea-134461b0493d,2025-03-19 17:45:52.851
0195af03-b06d-7e13-8020-983857bd0c8c,311891715336215528,/prompt,$pageview,,,0195af00-864f-7fad-acdb-a08defb360cf,2025-03-19 15:26:49.530
0195dec0-2c51-795a-8124-101943818d4b,311863905204852576,/prompt/49911fbc-4f72-4389-8312-b5e6adf5e5cf,$pageview,,,0195de74-e674-7450-a1ba-4d33603d3a12,2025-03-28 21:54:51.513
0195debc-ef90-7d36-a3c7-bf080cd1f992,311863905204852576,/prompts,$pageview,,,0195de74-e674-7450-a1ba-4d33603d3a12,2025-03-28 21:51:19.442
0195afaf-296b-72eb-a152-3f2604da6c2e,311900533357059048,/payments,$pageview,,,0195af7d-0fcc-7322-bf34-183a21779de0,2025-03-19 18:34:07.367
0195af6a-1593-7ba3-a80c-1bd2624e79b7,311901962188642144,/usage,$pageview,,,0195af5e-c3e3-7355-bf2f-8c2dc0d1027f,2025-03-19 17:18:40.804
0196edcc-2978-7689-a1a3-1e63cde2e8e5,311901962188642144,/api-history,$pageview,,,0196edc7-24b9-7b72-87e8-ca2bc8d40197,2025-05-20 13:05:02.967
0195afaf-5192-7149-a171-5e8493397df3,311900533357059048,/usage,$pageview,,,0195af7d-0fcc-7322-bf34-183a21779de0,2025-03-19 18:34:17.638
01971cd8-830b-72df-8008-329e72fa2673,311900771006288496,/prompt,$identify,777e8ffbcca603ef947ec42c6bab21f3,777e8ffbcca603ef947ec42c6bab21f3,01971ccd-dc87-7a0d-912e-f2d45a1d993d,2025-05-29 16:20:41.605
0195e289-4e17-7414-b52f-8c2d14be52a1,311863905204852576,/,$pageview,,,0195e289-4e11-7c29-ac57-6b7f77121045,2025-03-29 15:33:24.716
0195b04f-8bd4-7a84-9af5-73d796066992,311900533357059048,/usage,$pageview,,,0195b04f-371c-7985-961c-70eedffe4f87,2025-03-19 21:29:18.183
0195afd2-57dd-7c35-93c3-3bc5e37261eb,311909884524237424,/prompt,$pageview,,,0195afd2-28a1-762e-bb4d-63d20829765f,2025-03-19 19:12:08.558
0195df25-fce5-72ef-9bb8-a84cd05b0d20,311863905204852576,/prompt/5965cf6a-d4fe-487e-b9e6-818dd0d57d6c,$pageview,,,0195df1f-86c3-74b6-a6f0-c4d2c861826c,2025-03-28 23:46:03.926
01966bc7-2b47-713b-8d48-4c0120674d31,311647664372471648,/prompt,$identify,dd5329892a872042d35a7aba9c71506e,dd5329892a872042d35a7aba9c71506e,01966bc6-1e95-7e81-beed-46030281f9df,2025-04-25 07:08:56.263
019612ac-692b-7e0c-a3a2-22e96e6f9f89,311863905204852576,/,$pageview,,,019612ac-6923-794d-9c4c-ff439df68e96,2025-04-07 23:53:35.249
0195ed9b-f0a9-79d2-afff-b104c8869e16,311863905204852576,/,$pageview,,,0195ed9b-f0a4-72f1-9ad2-cd9781369fb8,2025-03-31 19:09:34.880
0196edc7-39d6-7dda-bf42-9d21df14db2c,311901962188642144,/,$pageview,,,0196edc7-24b9-7b72-87e8-ca2bc8d40197,2025-05-20 12:59:39.018
0195aa82-adcb-71c3-9a6e-918afeba73fb,0195a9f5-97ba-779a-9f39-cab4bfb4e83a,/,$pageview,,,0195aa82-ad70-7b08-82b3-2df4d016b0b5,2025-03-18 18:27:26.674
0195ac4d-88d0-7844-a2d1-583213b8b647,311815466781792096,/api-tokens,$pageview,,,0195ac4c-2e2f-73de-8295-6228c68c9b21,2025-03-19 02:49:08.659
0196ad20-9c5e-7e10-ac0d-0911ea44aea8,312078192196229356,/prompt,$identify,31d7157a35f48f9f64ffbc0d51c5a11b,31d7157a35f48f9f64ffbc0d51c5a11b,0196ad20-2a5e-7f41-b8ae-599d6a4b3c4a,2025-05-07 23:41:58.166
01937b9f-ee6e-7739-b6ee-4f623b928bcf,d10ee826-a058-4892-9758-c9a0c8d010f6,,$identify,f79932aa15723bd7b8622853861fc2b0,f79932aa15723bd7b8622853861fc2b0,,2024-11-30 05:51:38.733
0195ac4d-5322-77ea-936a-420001c2fc18,311815466781792096,/prompt,$pageview,,,0195ac4c-2e2f-73de-8295-6228c68c9b21,2025-03-19 02:48:54.920
0195ddd2-99e0-7ed6-8185-d0b57e8d037a,311863905204852576,/prompts,$pageview,,,0195ddd2-1359-73be-b558-c98c3b4be637,2025-03-28 17:35:22.046
019796d9-4330-74fe-a4f3-d1512fcdbc90,325623063842394955,/,$identify,6b2924aaff2ae63ba5ec9cc36f102a66,6b2924aaff2ae63ba5ec9cc36f102a66,019796d3-7f83-77e6-b6ed-5fab1aa52a28,2025-06-22 08:55:10.841
0195e289-39ca-7fdb-8272-c608f3fa63c9,311863905204852576,/product/arcee-conductor,$pageview,,,0195e289-3952-7140-95ae-fb9cb1d11d6b,2025-03-29 15:33:19.647
0195df26-0cc1-7074-9bd0-30b2243173bd,311863905204852576,/prompt/49911fbc-4f72-4389-8312-b5e6adf5e5cf,$pageview,,,0195df1f-86c3-74b6-a6f0-c4d2c861826c,2025-03-28 23:46:07.986
0195af6f-6529-7947-ae25-027081839c3b,311901962188642144,/usage,$pageview,,,0195af5e-c3e3-7355-bf2f-8c2dc0d1027f,2025-03-19 17:24:28.606
0195af6c-11f4-7eec-b415-92833a2b52a3,311901962188642144,/prompts,$pageview,,,0195af5e-c3e3-7355-bf2f-8c2dc0d1027f,2025-03-19 17:20:50.456
0195dec4-af33-7354-827e-d42815e8bd22,311863905204852576,/prompt,$pageview,,,0195de74-e674-7450-a1ba-4d33603d3a12,2025-03-28 21:59:55.052
0195b3df-e2c9-73f0-858e-a27d9ee03668,311901962188642144,/prompt,$pageview,,,0195b3df-266f-7cba-bc22-68f915fa0989,2025-03-20 14:05:49.685
0195d377-0c52-7557-a806-ffa521ae56cb,311863905204852576,/prompt,$pageview,,,0195d376-c182-7b39-bb03-f5fee07a3997,2025-03-26 17:19:10.231
0195af82-2a95-726c-b3ac-52e6ac297d60,311900533357059048,/api-tokens,$pageview,,,0195af7d-0fcc-7322-bf34-183a21779de0,2025-03-19 17:44:58.361
0195ac4e-1cac-71f4-b379-bf424dde740e,311815466781792096,/prompt,$pageview,,,0195ac4c-2e2f-73de-8295-6228c68c9b21,2025-03-19 02:49:46.513
0195afaa-8077-7b3a-be64-817854be98e6,311909884524237424,/prompt,$pageview,,,0195afa7-5d29-779e-9d4e-ea514ed9bd23,2025-03-19 18:28:37.443
0195af81-e822-78d0-96d1-bf6b9e14d55e,311900533357059048,/api-tokens,$pageview,,,0195af7d-0fcc-7322-bf34-183a21779de0,2025-03-19 17:44:41.355
0195aecc-bb0d-797c-93c2-6f6cc71e64f5,311885677568481120,/,$pageview,,,0195aecb-94ec-7082-88f4-d4d1dad423f0,2025-03-19 14:26:48.627
0195af61-3a30-7410-9972-84049c677e73,311901962188642144,/,$pageview,,,0195af5e-c3e3-7355-bf2f-8c2dc0d1027f,2025-03-19 17:09:00.055
0195af62-bc6e-7494-9658-00560f6086f9,311901962188642144,/api-history,$pageview,,,0195af5e-c3e3-7355-bf2f-8c2dc0d1027f,2025-03-19 17:10:38.999
0195ae8e-84df-70ff-894e-83426bb29364,0195ae8e-84d9-74a0-bfeb-196fc16d5b29,/,$pageview,,,0195ae8e-84d7-7a77-bd76-59da862965bb,2025-03-19 13:18:50.926
0195d377-3be1-7c3d-8c80-a9b5f6337b0b,311863905204852576,/payments,$pageview,,,0195d376-c182-7b39-bb03-f5fee07a3997,2025-03-26 17:19:22.392
0195af54-0261-7e15-b237-7168ffa50d80,311900533357059048,/,$pageview,,,0195af52-ad7f-7649-b147-d00f3b4455f3,2025-03-19 16:54:33.392
0195af6b-bb13-77c7-accd-ea53820dd397,311901962188642144,/api-history,$pageview,,,0195af5e-c3e3-7355-bf2f-8c2dc0d1027f,2025-03-19 17:20:28.217
0196ad20-d6e2-76b0-aee3-02cf0884d26b,312078192196229356,/prompt,$identify,31d7157a35f48f9f64ffbc0d51c5a11b,31d7157a35f48f9f64ffbc0d51c5a11b,0196ad20-a4b9-72de-9ed6-be412fff26b0,2025-05-07 23:42:13.142
0195ae05-ea83-76fc-b8bf-fbdb8beb61ad,311863905204852576,/,$identify,85bb06153439fc4a16c2060b26ed5548,85bb06153439fc4a16c2060b26ed5548,0195ae05-631d-7726-ab52-93b28388b33e,2025-03-19 10:49:39.307
0195af61-b153-73c6-bca9-17b50227ad0b,311901962188642144,/prompt,$pageview,,,0195af5e-c3e3-7355-bf2f-8c2dc0d1027f,2025-03-19 17:09:30.296
0195b4b5-5ace-7017-acdd-f3b70e72f185,311901962188642144,/payments,$pageview,,,0195b4b5-5ac9-7e25-be9b-9f6dea6cf4a7,2025-03-20 17:58:59.273
0195af53-9e32-7b7f-8409-2988d7d02b36,311900533357059048,/,$pageview,,,0195af52-ad7f-7649-b147-d00f3b4455f3,2025-03-19 16:54:07.744
01976e28-6051-7398-95e0-ee67d55a3f17,324477757880818206,/,$identify,35e092cc6e11e0b378362342893dfd04,35e092cc6e11e0b378362342893dfd04,01976e27-f55e-77aa-b943-3915c0d396d2,2025-06-14 11:17:08.515
0196eabe-4d8b-72ea-ab13-5515f3b4c320,311901962188642144,/payments,$pageview,,,0196eabd-2b2b-7958-9fc5-09373993fcbc,2025-05-19 22:51:02.568
0195b4b9-a04e-7774-a459-ba7f57ece12c,311901962188642144,/prompt/c1544482-ae18-42e4-9cf8-deba2fcf8a27,$pageview,,,0195b4b5-5ac9-7e25-be9b-9f6dea6cf4a7,2025-03-20 18:03:39.227
0195df26-990f-7792-8145-12866968df78,311863905204852576,/prompt/5965cf6a-d4fe-487e-b9e6-818dd0d57d6c,$pageview,,,0195df1f-86c3-74b6-a6f0-c4d2c861826c,2025-03-28 23:46:43.909
0195ddd2-3ab5-744e-9c5f-8b569c513441,311863905204852576,/prompt,$pageview,,,0195ddd2-1359-73be-b558-c98c3b4be637,2025-03-28 17:34:57.393
0196eabe-5f09-73bb-9c3a-9142ca5eb6d4,311901962188642144,/api-tokens,$pageview,,,0196eabd-2b2b-7958-9fc5-09373993fcbc,2025-05-19 22:51:07.046
0195aecc-becc-762c-9927-f77714822dad,311885677568481120,/onboarding,$pageview,,,0195aecb-94ec-7082-88f4-d4d1dad423f0,2025-03-19 14:26:49.584
0195af61-43cc-7172-938b-35e30452fbd6,311901962188642144,/prompt,$pageview,,,0195af5e-c3e3-7355-bf2f-8c2dc0d1027f,2025-03-19 17:09:02.515
0195aecf-dc43-7f20-858a-af2e8231814f,311885677568481120,/api-tokens,$pageview,,,0195aecb-94ec-7082-88f4-d4d1dad423f0,2025-03-19 14:30:13.820
0195ae5f-5482-7d43-b545-c208630dc955,311873703350654816,/,$pageview,,,0195ae58-e59f-7692-a0bc-e35991884069,2025-03-19 12:27:17.753
0195b3df-c631-75ab-84cc-45cdc3d5b5e1,311901962188642144,/,$pageview,,,0195b3df-266f-7cba-bc22-68f915fa0989,2025-03-20 14:05:42.002
0195afaf-8ea0-74fd-9a81-dda702da6597,311900533357059048,/usage,$pageview,,,0195af7d-0fcc-7322-bf34-183a21779de0,2025-03-19 18:34:33.267
0195adfc-5384-79a5-8802-50aac8b59420,311862849347540832,/,$identify,2af41c83d5af2e95fab23b624351d169,2af41c83d5af2e95fab23b624351d169,0195adfa-dd5f-7b2a-b5a4-06a9cc769f65,2025-03-19 10:39:09.959
0195af53-a0dd-7cf0-9cc9-9bbaa50dff0d,311900533357059048,/onboarding,$pageview,,,0195af52-ad7f-7649-b147-d00f3b4455f3,2025-03-19 16:54:08.429
0195adff-9ebd-7969-9056-953afba98e74,311862849347540832,/,$pageview,,,0195adfa-dd5f-7b2a-b5a4-06a9cc769f65,2025-03-19 10:42:46.085
0195df25-eb7d-745c-932b-3bcea1c10f13,311863905204852576,/prompt/5965cf6a-d4fe-487e-b9e6-818dd0d57d6c,$pageview,,,0195df1f-86c3-74b6-a6f0-c4d2c861826c,2025-03-28 23:45:59.468
0195af6c-04dd-735e-bed7-1818d40972e3,311901962188642144,/api-history,$pageview,,,0195af5e-c3e3-7355-bf2f-8c2dc0d1027f,2025-03-19 17:20:47.440
0195aecf-6097-7be6-a445-9e5885c013be,311885677568481120,/api-tokens,$pageview,,,0195aecb-94ec-7082-88f4-d4d1dad423f0,2025-03-19 14:29:42.072
0195debf-842b-7786-8fd9-73a16dc5a3d3,311863905204852576,/prompt,$pageview,,,0195de74-e674-7450-a1ba-4d33603d3a12,2025-03-28 21:54:16.245
0195af6b-1212-7730-b57d-7077c72bdb92,311901962188642144,/prompts,$pageview,,,0195af5e-c3e3-7355-bf2f-8c2dc0d1027f,2025-03-19 17:19:45.311
0195af6a-07cb-7d71-bd3e-cb3910a1e70f,311901962188642144,/payments,$pageview,,,0195af5e-c3e3-7355-bf2f-8c2dc0d1027f,2025-03-19 17:18:36.753
0195aecd-dd6b-7163-8be0-126a8145072e,311885677568481120,/payments,$pageview,,,0195aecb-94ec-7082-88f4-d4d1dad423f0,2025-03-19 14:28:02.958
0195de75-2b84-76a8-a3ba-c7c10724d60b,311863905204852576,/prompt,$pageview,,,0195de74-e674-7450-a1ba-4d33603d3a12,2025-03-28 20:32:55.927
0195af2e-e02a-76e7-8fac-dd85bb2fa8f6,0195af2e-e021-7fdd-b1b4-47d886dd78fd,/,$pageview,,,0195af2e-e01f-7e64-9130-3e05e7d902b7,2025-03-19 16:14:00.945
0195afaa-59a2-7096-a599-66038d338dd7,311909884524237424,/,$pageview,,,0195afa7-5d29-779e-9d4e-ea514ed9bd23,2025-03-19 18:28:27.508
0195afaf-1525-7697-a154-ebae97c81166,311900533357059048,/usage,$pageview,,,0195af7d-0fcc-7322-bf34-183a21779de0,2025-03-19 18:34:02.176
01971ccb-5b39-7d65-9fa1-61dcec7ae1ae,311900771006288496,/prompt,$identify,777e8ffbcca603ef947ec42c6bab21f3,777e8ffbcca603ef947ec42c6bab21f3,01971ccb-3fda-7a46-b546-41bb68bd3839,2025-05-29 16:06:19.440
0195abbf-5636-7e34-a5c8-2d1613e4db1e,0195a9f5-97ba-779a-9f39-cab4bfb4e83a,/,$pageview,,,0195aba9-a2ea-7094-b9b2-470f031731c6,2025-03-19 00:13:19.299
0195ed9c-03ae-76d6-af3c-3426114b8914,311863905204852576,/prompt,$pageview,,,0195ed9b-f0a4-72f1-9ad2-cd9781369fb8,2025-03-31 19:09:39.754
0195da10-ded2-78b1-89bb-5fda0d4beae6,311863905204852576,/prompt,$pageview,,,0195da10-cad3-7e02-8463-5cb3402a3c88,2025-03-28 00:04:57.573
0195af6a-6d9e-7f7b-bbcf-f10c1529a239,311901962188642144,/usage,$pageview,,,0195af5e-c3e3-7355-bf2f-8c2dc0d1027f,2025-03-19 17:19:03.082
0195af61-70e8-75b5-a50a-5f9d20cb0bab,311901962188642144,/payments,$pageview,,,0195af5e-c3e3-7355-bf2f-8c2dc0d1027f,2025-03-19 17:09:14.088
0195df26-0932-7aa8-9464-62dcdf8b0814,311863905204852576,/prompt/5965cf6a-d4fe-487e-b9e6-818dd0d57d6c,$pageview,,,0195df1f-86c3-74b6-a6f0-c4d2c861826c,2025-03-28 23:46:07.075
0195a657-3e8d-7492-9384-d872cfcd60fe,311647664372471648,/,$identify,dd5329892a872042d35a7aba9c71506e,dd5329892a872042d35a7aba9c71506e,0195a657-0f65-73b9-a7db-13cd6a48e81c,2025-03-17 23:01:27.689
0195ac4d-bb9c-76aa-8253-62c449c5c7ea,311815466781792096,/api-history,$pageview,,,0195ac4c-2e2f-73de-8295-6228c68c9b21,2025-03-19 02:49:21.681
0193957a-7fc9-745f-8626-1ec29cf4842a,296534439834441525,/,$identify,f79932aa15723bd7b8622853861fc2b0,f79932aa15723bd7b8622853861fc2b0,0193957a-0dfd-7a54-bbfc-2e1899a01dc2,2024-12-05 06:20:53.679
0195da10-cad8-7f12-af45-04530174ae23,311863905204852576,/,$pageview,,,0195da10-cad3-7e02-8463-5cb3402a3c88,2025-03-28 00:04:57.575
0195af60-630b-730b-806d-6c1ea87ec498,311901962188642144,/,$pageview,,,0195af5e-c3e3-7355-bf2f-8c2dc0d1027f,2025-03-19 17:08:04.732
0195af93-553e-7b91-9edd-79ce045b2bf6,311900533357059048,/api-tokens,$pageview,,,0195af7d-0fcc-7322-bf34-183a21779de0,2025-03-19 18:03:43.686
0195af88-63a8-714f-8319-f4b14a041f7d,311901962188642144,/payments,$pageview,,,0195af5e-c3e3-7355-bf2f-8c2dc0d1027f,2025-03-19 17:51:46.441
0195a9f5-97de-7360-8998-8d3d404a1c5a,0195a9f5-97ba-779a-9f39-cab4bfb4e83a,/,$pageview,,,0195a9f5-97b9-7859-acf2-7c05b2321a62,2025-03-18 15:53:20.508
0195afaf-9bfb-7ff8-9415-3fb38c41f9dc,311900533357059048,/api-history,$pageview,,,0195af7d-0fcc-7322-bf34-183a21779de0,2025-03-19 18:34:36.691
0195af79-34c5-7837-bbfe-907a7923a7c4,311901962188642144,/usage,$pageview,,,0195af5e-c3e3-7355-bf2f-8c2dc0d1027f,2025-03-19 17:35:11.627
0195b4b9-942f-777f-aa0e-f8346f2d920a,311901962188642144,/prompt,$pageview,,,0195b4b5-5ac9-7e25-be9b-9f6dea6cf4a7,2025-03-20 18:03:36.127
0195dd1e-e969-7f99-ba6b-4a6a2f0643f5,311863905204852576,/prompt/f195798f-0e14-4fe0-ab01-aaef039d177f,$pageview,,,0195dd1b-c23a-715b-9f55-78dc6cc78e1d,2025-03-28 14:19:06.526
0195adfc-5783-7e17-a68a-8df28e5e5a44,311862849347540832,/onboarding,$pageview,,,0195adfa-dd5f-7b2a-b5a4-06a9cc769f65,2025-03-19 10:39:10.987
0195adfc-aad6-7a78-b8c2-10eeb13a9403,311862849347540832,/prompt,$pageview,,,0195adfa-dd5f-7b2a-b5a4-06a9cc769f65,2025-03-19 10:39:32.307
01937b9f-2d1f-77f5-a9da-7dd47180d60d,d10ee826-a058-4892-9758-c9a0c8d010f6,,$identify,f79932aa15723bd7b8622853861fc2b0,f79932aa15723bd7b8622853861fc2b0,,2024-11-30 05:50:49.173
0195af79-53a5-75d0-978c-6ae69853010d,311901962188642144,/usage,$pageview,,,0195af5e-c3e3-7355-bf2f-8c2dc0d1027f,2025-03-19 17:35:19.259
0195b3d0-ae1d-7e4c-8213-5cc3f0da6306,312026937063152616,/,$identify,7e442692711c2f15b76135cb8cd7be58,7e442692711c2f15b76135cb8cd7be58,0195b3d0-119c-775c-ba0e-2b801b8988d3,2025-03-20 13:49:11.419
0195de74-e67c-7144-a969-c5ca395c2a87,311863905204852576,/,$pageview,,,0195de74-e674-7450-a1ba-4d33603d3a12,2025-03-28 20:32:38.257
0195b4ba-3c6d-7e0a-84ef-7fdbac24a0e4,311901962188642144,/prompt,$pageview,,,0195b4b5-5ac9-7e25-be9b-9f6dea6cf4a7,2025-03-20 18:04:19.216
0195af7d-0fd7-7ed6-a795-0a7bbcc809b0,311900533357059048,/,$pageview,,,0195af7d-0fcc-7322-bf34-183a21779de0,2025-03-19 17:39:23.834
0195af6b-0bd7-7e4a-ab1b-89a1e455e7d6,311901962188642144,/comparisons,$pageview,,,0195af5e-c3e3-7355-bf2f-8c2dc0d1027f,2025-03-19 17:19:43.716
